{
  "profitCenter": "CC1000",
  "profitCenterDescription": "Construcción",
  "children": [
    {
      "profitCenter": "CO1500",
      "profitCenterDescription": "Oficina Central Cabecera",
      "children": [
        {
          "profitCenter": "CO2000",
          "profitCenterDescription": "Oficina Central Cabecera",
          "children": [
            {
              "profitCenter": "CO2502",
              "profitCenterDescription": "Recursos Operativos",
              "children": [
                {
                  "profitCenter": "CI2703",
                  "profitCenterDescription": "Recursos Operativos",
                  "children": [
                    {
                      "profitCenter": "CI3005",
                      "profitCenterDescription": "Recursos Operativos",
                      "children": [
                        {
                          "profitCenter": "CI4086",
                          "profitCenterDescription": "Parque de Maquinaria",
                          "children": [
                            {
                              "profitCenter": "CI5095",
                              "profitCenterDescription": "Parque de Maquinaria",
                              "children": [
                                {
                                  "profitCenter": "C5081",
                                  "profitCenterDescription": "FASE SERVICIO DE MAQUINARIA",
                                  "children": []
                                }
                              ]
                            }
                          ]
                        }
                      ]
                    }
                  ]
                }
              ]
            }
          ]
        }
      ]
    },
    {
      "profitCenter": "CE1500",
      "profitCenterDescription": "C. Internacional",
      "children": [
        {
          "profitCenter": "CE2000",
          "profitCenterDescription": "Construcción Exterior",
          "children": [
            {
              "profitCenter": "CE2502",
              "profitCenterDescription": "Australia & Reino Unido",
              "children": [
                {
                  "profitCenter": "CE2704",
                  "profitCenterDescription": "Australia & Reino Unido",
                  "children": [
                    {
                      "profitCenter": "CE3004",
                      "profitCenterDescription": "Australia & Reino Unido",
                      "children": [
                        {
                          "profitCenter": "CE4067",
                          "profitCenterDescription": "Inglaterra",
                          "children": [
                            {
                              "profitCenter": "CE4504",
                              "profitCenterDescription": "FAUK",
                              "children": [
                                {
                                  "profitCenter": "CE506H",
                                  "profitCenterDescription": "UK Airports JVs",
                                  "children": [
                                    {
                                      "profitCenter": "C3ER",
                                      "profitCenterDescription": "Q6 INTEG.SERVICES",
                                      "children": []
                                    }
                                  ]
                                }
                              ]
                            }
                          ]
                        }
                      ]
                    }
                  ]
                }
              ]
            }
          ]
        }
      ]
    }
  ]
}
