{
     "catalogExternos": {
          "models": {
               "categories": [
                    {
                         "name": "P.ECXX",
                         "currency": "Obra Ejecutada Objetivo",
                         "expandible": true,
                         "isGroup": false,
                         "type": "",
                         "amount": "",
                         "pricepending": "",
                         "pendiente": "",
                         "porcpendiente": "",
                         "pricetotal": "",
                         "size": "Manual/Lineal/OEO/",
                         "last": "",
                         "year2": null,
                         "monthsData": [],
                         "ejecutado": "",
                         "m2026_2": "300.00",
                         "m2026_3": "400.00",
                         "m2026_4": "500.00",
                         "y2026": "1200.00",
                         "firstYearBudget": "",
                         "secondYearBudget": "",
                         "thirdYearBudget": "",
                         "categories": []
                    },
                    {
                         "name": "V I. 004",
                         "currency": "Diferidos",
                         "expandible": true,
                         "isGroup": false,
                         "type": "Aplicación",
                         "amount": "",
                         "pricepending": 0.00,
                         "pendiente": 8284425.00,
                         "porcpendiente": 77.63,
                         "pricetotal": 10671060.00,
                         "size": "(Manual)",
                         "last": "",
                         "year2": null,
                         "monthsData": [],
                         "ejecutado": 2386635.00,
                         "m2026_0": "10.00",
                         "m2026_1": "20.00",
                         "m2026_2": "30.00",
                         "m2026_3": "40.00",
                         "m2026_4": "50.00",
                         "m2026_5": "60.00",
                         "m2026_6": "70.00",
                         "m2026_7": "80.00",
                         "m2026_8": "90.00",
                         "m2026_9": "100.00",
                         "m2026_10": "110.00",
                         "m2026_11": "120.00",
                         "y2026": "780.00",
                         "firstYearBudget": "",
                         "secondYearBudget": "",
                         "thirdYearBudget": "",
                         "categories": []
                    },
                    {
                         "name": "V I. 004",
                         "currency": "",
                         "expandible": true,
                         "type": "Provisión",
                         "amount": "",
                         "pricepending": 0.00,
                         "pendiente": 8284425.00,
                         "porcpendiente": 77.63,
                         "pricetotal": 10671060.00,
                         "size": "(OEO)",
                         "last": "",
                         "year2": null,
                         "monthsData": [],
                         "ejecutado": 2386635.00,
                         "m2026_0": "20.00",
                         "m2026_1": "20.00",
                         "m2026_2": "20.00",
                         "m2026_3": "20.00",
                         "m2026_4": "20.00",
                         "m2026_5": "20.00",
                         "m2026_6": "20.00",
                         "m2026_7": "20.00",
                         "m2026_8": "20.00",
                         "m2026_9": "20.00",
                         "m2026_10": "20.00",
                         "m2026_11": "20.00",
                         "y2026": "240.00",
                         "firstYearBudget": "",
                         "secondYearBudget": "",
                         "thirdYearBudget": "",
                         "categories": [
                              {
                                   "name": "V I.004.051",
                                   "currency": "",
                                   "expandible": true,
                                   "type": "Aplicación",
                                   "amount": "",
                                   "pricepending": 0.00,
                                   "pendiente": 7324108.00,
                                   "porcpendiente": 98.35,
                                   "pricetotal": 7446727.00,
                                   "size": "(Manual)",
                                   "last": "",
                                   "year2": null,
                                   "monthsData": [],
                                   "ejecutado": 122619.00,
                                   "m2026_0": "10.00",
                                   "m2026_1": "10.00",
                                   "m2026_2": "10.00",
                                   "m2026_3": "10.00",
                                   "m2026_4": "10.00",
                                   "m2026_5": "10.00",
                                   "m2026_6": "10.00",
                                   "m2026_7": "10.00",
                                   "m2026_8": "10.00",
                                   "m2026_9": "10.00",
                                   "m2026_10": "10.00",
                                   "m2026_11": "10.00",
                                   "y2026": "120.00",
                                   "firstYearBudget": "",
                                   "secondYearBudget": "",
                                   "thirdYearBudget": "",
                                   "categories": [
                                        {
                                             "name": "Agrupador",
                                             "expandible": true,
                                             "isGroup": false,
                                             "cabecera": true,
                                             "currency": "Descripción",
                                             "type": "Proveedor",
                                             "pendiente": "Pendiente",
                                             "porcpendiente": "%Pendiente",
                                             "pricepending": "Coste pend",
                                             "pricetotal": "Total",
                                             "size": "Reparto",
                                             "last": "Pend. planif.",
                                             "m2026_0": "30.00",
                                             "m2026_1": "30.00",
                                             "m2026_2": "30.00",
                                             "m2026_3": "30.00",
                                             "m2026_4": "30.00",
                                             "m2026_5": "30.00",
                                             "m2026_6": "30.00",
                                             "m2026_7": "30.00",
                                             "m2026_8": "30.00",
                                             "m2026_9": "30.00",
                                             "m2026_10": "30.00",
                                             "m2026_11": "30.00",
                                             "y2026": "360.00",
                                             "firstYearBudget": "",
                                             "secondYearBudget": "",
                                             "thirdYearBudget": ""
                                        },
                                        {
                                             "name": "",
                                             "currency": "Desglose1",
                                             "expandible": true,
                                             "type": "MGZ2",
                                             "amount": "",
                                             "pricepending": 0.00,
                                             "pendiente": 1384393.00,
                                             "porcpendiente": 0.99,
                                             "pricetotal": 1396738.00,
                                             "size": "(Manual)",
                                             "last": "",
                                             "year2": null,
                                             "monthsData": [],
                                             "ejecutado": 12345.00,
                                             "m2026_0": "5.00",
                                             "m2026_1": "5.00",
                                             "m2026_2": "5.00",
                                             "m2026_3": "5.00",
                                             "m2026_4": "5.00",
                                             "m2026_5": "5.00",
                                             "m2026_6": "5.00",
                                             "m2026_7": "5.00",
                                             "m2026_8": "5.00",
                                             "m2026_9": "5.00",
                                             "m2026_10": "5.00",
                                             "m2026_11": "5.00",
                                             "y2026": "60.00",
                                             "firstYearBudget": "",
                                             "secondYearBudget": "",
                                             "thirdYearBudget": "",
                                             "categories": []
                                        },
                                        {
                                             "name": "",
                                             "currency": "Desglose 2",
                                             "expandible": true,
                                             "type": "MGZ2",
                                             "amount": "",
                                             "pricepending": 0.00,
                                             "pendiente": 1384393.00,
                                             "porcpendiente": 0.99,
                                             "pricetotal": 1396738.00,
                                             "size": "(Manual)",
                                             "last": "",
                                             "year2": null,
                                             "monthsData": [],
                                             "ejecutado": 12345.00,
                                             "m2026_0": "5.00",
                                             "m2026_1": "5.00",
                                             "m2026_2": "5.00",
                                             "m2026_3": "5.00",
                                             "m2026_4": "5.00",
                                             "m2026_5": "5.00",
                                             "m2026_6": "5.00",
                                             "m2026_7": "5.00",
                                             "m2026_8": "5.00",
                                             "m2026_9": "5.00",
                                             "m2026_10": "5.00",
                                             "m2026_11": "5.00",
                                             "y2026": "60.00",
                                             "firstYearBudget": "",
                                             "secondYearBudget": "",
                                             "thirdYearBudget": "",
                                             "categories": []
                                        },
                                        {
                                             "name": "",
                                             "currency": "Desglose3",
                                             "expandible": true,
                                             "type": "MGZ2",
                                             "amount": "",
                                             "pricepending": 0.00,
                                             "pendiente": 1384393.00,
                                             "porcpendiente": 0.99,
                                             "pricetotal": 1396738.00,
                                             "size": "(Manual)",
                                             "last": "",
                                             "year2": null,
                                             "monthsData": [],
                                             "ejecutado": 12345.00,
                                             "m2026_0": "8.00",
                                             "m2026_1": "75.00",
                                             "m2026_2": "75.00",
                                             "m2026_3": "75.00",
                                             "m2026_4": "75.00",
                                             "m2026_5": "75.00",
                                             "m2026_6": "75.00",
                                             "m2026_7": "75.00",
                                             "m2026_8": "75.00",
                                             "m2026_9": "75.00",
                                             "m2026_10": "75.00",
                                             "m2026_11": "75.00",
                                             "y2026": "900.00",
                                             "firstYearBudget": "",
                                             "secondYearBudget": "",
                                             "thirdYearBudget": "",
                                             "categories": []
                                        }
                                   ]
                              },
                              {
                                   "name": "V I.004.051",
                                   "currency": "Gastos de finanzas",
                                   "expandible": true,
                                   "type": "Provisión",
                                   "amount": "",
                                   "pricepending": 0.00,
                                   "pendiente": 7324108.00,
                                   "porcpendiente": 98.35,
                                   "pricetotal": 7446727.00,
                                   "size": "(OEO)",
                                   "last": "",
                                   "year2": null,
                                   "monthsData": [],
                                   "ejecutado": 122619.00,
                                   "m2026_0": "3.00",
                                   "m2026_1": "3.00",
                                   "m2026_2": "3.00",
                                   "m2026_3": "3.00",
                                   "m2026_4": "3.00",
                                   "m2026_5": "3.00",
                                   "m2026_6": "3.00",
                                   "m2026_7": "3.00",
                                   "m2026_8": "3.00",
                                   "m2026_9": "3.00",
                                   "m2026_10": "3.00",
                                   "m2026_11": "3.00",
                                   "y2026": "36.00",
                                   "firstYearBudget": "",
                                   "secondYearBudget": "",
                                   "thirdYearBudget": "",
                                   "categories": []
                              },
                              {
                                   "name": "I.004.053",
                                   "currency": "Trans. Maquinaria",
                                   "expandible": true,
                                   "type": "Aplicación",
                                   "amount": "",
                                   "pricepending": 0.00,
                                   "pendiente": 493647.00,
                                   "porcpendiente": 49.37,
                                   "pricetotal": 999883.00,
                                   "size": "(Manual)",
                                   "last": "",
                                   "year2": null,
                                   "monthsData": [],
                                   "ejecutado": 506236.00,
                                   "m2026_0": "3.00",
                                   "m2026_1": "3.00",
                                   "m2026_2": "3.00",
                                   "m2026_3": "3.00",
                                   "m2026_4": "3.00",
                                   "m2026_5": "3.00",
                                   "m2026_6": "3.00",
                                   "m2026_7": "3.00",
                                   "m2026_8": "3.00",
                                   "m2026_9": "3.00",
                                   "m2026_10": "3.00",
                                   "m2026_11": "3.00",
                                   "y2026": "36.00",
                                   "firstYearBudget": "",
                                   "secondYearBudget": "",
                                   "thirdYearBudget": "",
                                   "categories": []
                              },
                              {
                                   "name": "I.004.053",
                                   "currency": "",
                                   "expandible": true,
                                   "type": "Provisión",
                                   "amount": "",
                                   "pricepending": 0.00,
                                   "pendiente": 493647.00,
                                   "porcpendiente": 49.37,
                                   "pricetotal": 999883.00,
                                   "size": "(OEO)",
                                   "last": "",
                                   "year2": null,
                                   "monthsData": [],
                                   "ejecutado": 506236.00,
                                   "m2026_0": "4.00",
                                   "m2026_1": "4.00",
                                   "m2026_2": "4.00",
                                   "m2026_3": "4.00",
                                   "m2026_4": "4.00",
                                   "m2026_5": "4.00",
                                   "m2026_6": "4.00",
                                   "m2026_7": "4.00",
                                   "m2026_8": "4.00",
                                   "m2026_9": "4.00",
                                   "m2026_10": "4.00",
                                   "m2026_11": "4.00",
                                   "y2026": "48.00",
                                   "firstYearBudget": "",
                                   "secondYearBudget": "",
                                   "thirdYearBudget": "",
                                   "categories": []
                              },
                              {
                                   "name": "I.004.054",
                                   "currency": "Retirada de inst…",
                                   "expandible": true,
                                   "type": "Aplicación",
                                   "amount": "",
                                   "pricepending": 0.00,
                                   "pendiente": 173076.00,
                                   "porcpendiente": 41.69,
                                   "pricetotal": 415168.00,
                                   "size": "(Manual)",
                                   "last": "",
                                   "year2": null,
                                   "monthsData": [],
                                   "ejecutado": 242092.00,
                                   "m2026_0": "2.00",
                                   "m2026_1": "2.00",
                                   "m2026_2": "2.00",
                                   "m2026_3": "2.00",
                                   "m2026_4": "2.00",
                                   "m2026_5": "2.00",
                                   "m2026_6": "2.00",
                                   "m2026_7": "2.00",
                                   "m2026_8": "2.00",
                                   "m2026_9": "2.00",
                                   "m2026_10": "2.00",
                                   "m2026_11": "2.00",
                                   "y2026": "24.00",
                                   "firstYearBudget": "",
                                   "secondYearBudget": "",
                                   "thirdYearBudget": "",
                                   "categories": []
                              },
                              {
                                   "name": "I.004.054",
                                   "currency": "",
                                   "expandible": true,
                                   "type": "Provisión",
                                   "amount": "",
                                   "pricepending": 0.00,
                                   "pendiente": 173076.00,
                                   "porcpendiente": 41.69,
                                   "pricetotal": 415168.00,
                                   "size": "(OEO)",
                                   "last": "",
                                   "year2": null,
                                   "monthsData": [],
                                   "ejecutado": 242092.00,
                                   "m2026_0": "7.00",
                                   "m2026_1": "7.00",
                                   "m2026_2": "7.00",
                                   "m2026_3": "7.00",
                                   "m2026_4": "7.00",
                                   "m2026_5": "7.00",
                                   "m2026_6": "7.00",
                                   "m2026_7": "7.00",
                                   "m2026_8": "7.00",
                                   "m2026_9": "7.00",
                                   "m2026_10": "7.00",
                                   "m2026_11": "7.00",
                                   "y2026": "84.00",
                                   "firstYearBudget": "",
                                   "secondYearBudget": "",
                                   "thirdYearBudget": "",
                                   "categories": []
                              },
                              {
                                   "name": "I.004.055",
                                   "currency": "Gastos desde fin",
                                   "expandible": true,
                                   "type": "Aplicación",
                                   "amount": "",
                                   "pricepending": 0.00,
                                   "pendiente": 183764.00,
                                   "porcpendiente": 19.43,
                                   "pricetotal": 945802.00,
                                   "size": "(Manual)",
                                   "last": "",
                                   "year2": null,
                                   "monthsData": [],
                                   "ejecutado": 762038.00,
                                   "m2026_0": "7.00",
                                   "m2026_1": "7.00",
                                   "m2026_2": "7.00",
                                   "m2026_3": "7.00",
                                   "m2026_4": "7.00",
                                   "m2026_5": "7.00",
                                   "m2026_6": "7.00",
                                   "m2026_7": "7.00",
                                   "m2026_8": "7.00",
                                   "m2026_9": "7.00",
                                   "m2026_10": "7.00",
                                   "m2026_11": "7.00",
                                   "y2026": "84.00",
                                   "firstYearBudget": "",
                                   "secondYearBudget": "",
                                   "thirdYearBudget": "",
                                   "categories": []
                              },
                              {
                                   "name": "I.004.055",
                                   "currency": "",
                                   "expandible": true,
                                   "type": "Provisión",
                                   "amount": "",
                                   "pricepending": 0.00,
                                   "pendiente": 183764.00,
                                   "porcpendiente": 19.43,
                                   "pricetotal": 945802.00,
                                   "size": "(OEO)",
                                   "last": "",
                                   "year2": null,
                                   "monthsData": [],
                                   "ejecutado": 762038.00,
                                   "m2026_0": "46.00",
                                   "m2026_1": "34.00",
                                   "m2026_2": "22.00",
                                   "m2026_3": "1.00",
                                   "m2026_4": "32.00",
                                   "m2026_5": "33.00",
                                   "m2026_6": "11.00",
                                   "m2026_7": "0.00",
                                   "m2026_8": "0.00",
                                   "m2026_9": "0.00",
                                   "m2026_10": "0.00",
                                   "m2026_11": "0.00",
                                   "y2026": "84.00",
                                   "firstYearBudget": "",
                                   "secondYearBudget": "",
                                   "thirdYearBudget": "",
                                   "categories": []
                              },
                              {
                                   "name": "I.004.056",
                                   "currency": "Conserv. Periodo gar…",
                                   "expandible": true,
                                   "type": "Aplicación",
                                   "amount": "",
                                   "pricepending": 0.00,
                                   "pendiente": 109830.00,
                                   "porcpendiente": 12.72,
                                   "pricetotal": 863480.00,
                                   "size": "(Manual)",
                                   "last": "",
                                   "year2": null,
                                   "monthsData": [],
                                   "ejecutado": 753650.00,
                                   "m2026_0": "32.00",
                                   "m2026_1": "32.00",
                                   "m2026_2": "32.00",
                                   "m2026_3": "32.00",
                                   "m2026_4": "32.00",
                                   "m2026_5": "32.00",
                                   "m2026_6": "32.00",
                                   "m2026_7": "32.00",
                                   "m2026_8": "32.00",
                                   "m2026_9": "32.00",
                                   "m2026_10": "32.00",
                                   "m2026_11": "32.00",
                                   "y2026": "384.00",
                                   "firstYearBudget": "",
                                   "secondYearBudget": "",
                                   "thirdYearBudget": "",
                                   "categories": []
                              },
                              {
                                   "name": "I.004.056",
                                   "currency": "",
                                   "expandible": true,
                                   "type": "Provisión",
                                   "amount": "",
                                   "pricepending": 0.00,
                                   "pendiente": 109830.00,
                                   "porcpendiente": 12.72,
                                   "pricetotal": 863480.00,
                                   "size": "(OEO)",
                                   "last": "",
                                   "year2": null,
                                   "monthsData": [],
                                   "ejecutado": 753650.00,
                                   "m2026_0": "65.00",
                                   "m2026_1": "65.00",
                                   "m2026_2": "65.00",
                                   "m2026_3": "65.00",
                                   "m2026_4": "65.00",
                                   "m2026_5": "65.00",
                                   "m2026_6": "65.00",
                                   "m2026_7": "65.00",
                                   "m2026_8": "65.00",
                                   "m2026_9": "65.00",
                                   "m2026_10": "65.00",
                                   "m2026_11": "65.00",
                                   "y2026": "780.00",
                                   "firstYearBudget": "",
                                   "secondYearBudget": "",
                                   "thirdYearBudget": "",
                                   "categories": []
                              }
                         ]
                    }
               ]
          }
     },
     "rowsTable": {
          "rows": [
               {
                    "name": "Anticipados",
                    "currency": "62.668,51",
                    "amount": "27.237,13",
                    "pricepending": "89.905,64",
                    "pricetotal": "0,39%",
                    "size": "0,41%",
                    "last": "0,36%"
               },
               {
                    "name": "Inmovilizados",
                    "currency": "115.984,24",
                    "amount": "35.991,29",
                    "pricepending": "151.975,53",
                    "pricetotal": "0,66%",
                    "size": "0,69%",
                    "last": "0,60%"
               },
               {
                    "name": "Corrientes",
                    "currency": "315.984,24",
                    "amount": "56.247,62",
                    "pricepending": "372.231.86",
                    "pricetotal": "1,62%",
                    "size": "1,69%",
                    "last": "1,48%"
               },
               {
                    "name": "Diferidos",
                    "currency": "215.984,24",
                    "amount": "35.991,29",
                    "pricepending": "251.975,53",
                    "pricetotal": "1,09%",
                    "size": "1,14%",
                    "last": "1,00%"
               },
               {
                    "name": "Externos",
                    "currency": "56.247,62",
                    "amount": "32.915,32",
                    "pricepending": "89.162,94",
                    "pricetotal": "0,39%",
                    "size": "0,40%",
                    "last": "0,35%"
               },
               {
                    "name": "TOTAL GASTOS GESTION",
                    "currency": "766.868,85",
                    "amount": "27.237,13",
                    "pricepending": "955.251,50",
                    "pricetotal": "4,15%",
                    "size": "4,33%%",
                    "last": "3,79%"
               }
          ]
     }
}